id,make,model,year,color
1,Toyota,Camry Solara,2008,Red
2,Chevrolet,Suburban 2500,1993,Violet
3,Lexus,LS,2011,Purple
4,Dodge,Ram Van B250,1994,Goldenrod
5,Pontiac,Grand Am,1990,Teal
6,Acura,RDX,2011,Green
7,Saturn,Ion,2007,Orange
8,Toyota,RAV4,2009,Maroon
9,Infiniti,QX,1999,Blue
10,Pontiac,Grand Am,1991,Puce
11,Lexus,GS,2003,Teal
12,Plymouth,Sundance,1994,Maroon
13,Nissan,Pathfinder,2004,Indigo
14,Mercury,Milan,2007,Violet
15,Acura,RL,2002,Purple
16,Dodge,Nitro,2008,Teal
17,Pontiac,6000,1983,Violet
18,Eagle,Summit,1994,Green
19,Land Rover,Range Rover,2011,Violet
20,Audi,A8,2006,Khaki
21,Spyker,C8 Spyder Wide Body,2004,Mauv
22,Volkswagen,Jetta,2004,Violet
23,Cadillac,Seville,1992,Blue
24,Chevrolet,Suburban 2500,2009,Purple
25,Audi,S4,2013,Blue
26,Lexus,ES,2002,Green
27,Mitsubishi,Starion,1988,Puce
28,Lexus,SC,2002,Teal
29,Mercury,Mountaineer,2007,Mauv
30,MINI,Cooper,2008,Fuscia
31,Mitsubishi,Pajero,2006,Khaki
32,GMC,Suburban 2500,1996,Fuscia
33,Chrysler,Town & Country,1997,Khaki
34,Dodge,Dakota,2001,Teal
35,Mercedes-Benz,E-Class,1999,Purple
36,Saab,9-5,2000,Pink
37,Mitsubishi,Lancer,2012,Pink
38,Mercedes-Benz,GL-Class,2012,Purple
39,Mercedes-Benz,SL-Class,1987,Goldenrod
40,Ford,Taurus,1989,Blue
41,Dodge,Durango,2001,Indigo
42,Ford,Escape,2004,Mauv
43,Lexus,SC,2000,Maroon
44,Buick,Park Avenue,2003,Purple
45,Suzuki,Esteem,1999,Aquamarine
46,Toyota,Yaris,2008,Maroon
47,Buick,Regal,1991,Yellow
48,Honda,Civic,2003,Violet
49,Jeep,Wrangler,1992,Pink
50,Chevrolet,Camaro,1971,Green
51,Chevrolet,S10 Blazer,1994,Crimson
52,Lexus,IS F,2008,Orange
53,Cadillac,CTS,2006,Goldenrod
54,Ford,ZX2,2001,Khaki
55,Studebaker,Avanti,1963,Puce
56,Buick,Reatta,1990,Turquoise
57,Volkswagen,Touareg,2009,Violet
58,Volkswagen,New Beetle,1999,Mauv
59,Dodge,D350,1992,Yellow
60,Spyker,C8 Spyder,2004,Red
61,Oldsmobile,Cutlass,1997,Yellow
62,Volkswagen,Passat,2001,Green
63,Infiniti,G,1992,Goldenrod
64,Isuzu,Rodeo,2000,Turquoise
65,Mitsubishi,Montero,1999,Teal
66,Mazda,Miata MX-5,2002,Goldenrod
67,GMC,Savana,2009,Purple
68,Mitsubishi,i-MiEV,2012,Puce
69,Nissan,Armada,2006,Khaki
70,Chevrolet,Express 3500,2003,Mauv
71,Volkswagen,Eurovan,2000,Purple
72,Pontiac,Vibe,2003,Orange
73,Ford,Econoline E150,1993,Violet
74,Chevrolet,Lumina,2000,Turquoise
75,Pontiac,G6,2009,Maroon
76,BMW,530,2007,Indigo
77,GMC,Sierra 1500,2004,Puce
78,Lexus,HS,2012,Maroon
79,Ford,F250,1994,Blue
80,Ford,Mustang,1980,Aquamarine
81,Subaru,Leone,1988,Aquamarine
82,Porsche,911,1985,Teal
83,Chrysler,PT Cruiser,2001,Green
84,Jaguar,XJ Series,1996,Goldenrod
85,Oldsmobile,Toronado,1966,Pink
86,Audi,S4,2007,Turquoise
87,Volkswagen,Cabriolet,1996,Yellow
88,Nissan,Altima,2009,Pink
89,Rolls-Royce,Phantom,2009,Orange
90,Porsche,Cayenne,2011,Turquoise
91,Ford,Focus,2001,Aquamarine
92,Mitsubishi,Starion,1986,Fuscia
93,Bentley,Arnage,2005,Violet
94,Chrysler,Concorde,2001,Goldenrod
95,Chevrolet,Malibu,2005,Fuscia
96,Toyota,Paseo,1996,Pink
97,MINI,Cooper,2004,Green
98,Chevrolet,Prizm,2001,Yellow
99,Dodge,Dakota,1997,Red
100,Dodge,Dakota Club,1996,Teal
101,BMW,X5,2013,Mauv
102,Dodge,Stratus,2006,Maroon
103,Hyundai,Veracruz,2007,Fuscia
104,Saab,9-5,2008,Mauv
105,Kia,Mentor,1997,Violet
106,Chrysler,300M,2002,Puce
107,Chevrolet,Silverado 3500,2011,Green
108,Volvo,960,1996,Aquamarine
109,Cadillac,Escalade EXT,2005,Fuscia
110,Toyota,Venza,2012,Teal
111,Suzuki,Sidekick,1992,Red
112,Aston Martin,Rapide,2010,Orange
113,Infiniti,J,1997,Maroon
114,Kia,Carens,2009,Mauv
115,Mazda,929,1992,Khaki
116,GMC,Savana 2500,2009,Green
117,Chevrolet,Suburban,2011,Puce
118,Chevrolet,Monte Carlo,2001,Red
119,Cadillac,STS,2010,Blue
120,Mazda,B-Series Plus,2004,Puce
121,Honda,Civic,2001,Crimson
122,Honda,Civic Si,2006,Khaki
123,Buick,Regal,1998,Maroon
124,Lincoln,Continental,1989,Aquamarine
125,Honda,Insight,2010,Orange
126,Volvo,XC90,2007,Aquamarine
127,Mercury,Mountaineer,1997,Indigo
128,Dodge,Caravan,1996,Maroon
129,Ford,Explorer Sport Trac,2010,Fuscia
130,Ford,Freestar,2007,Mauv
131,Land Rover,Discovery Series II,2002,Teal
132,Chevrolet,Silverado 1500,2011,Aquamarine
133,Pontiac,Grand Prix,1993,Aquamarine
134,Mitsubishi,Montero,2005,Maroon
135,Volkswagen,GLI,2008,Maroon
136,Honda,Element,2008,Red
137,Toyota,Prius,2006,Pink
138,Ford,Econoline E150,1997,Aquamarine
139,Cadillac,Escalade,1999,Orange
140,Chevrolet,Venture,2001,Khaki
141,Mercedes-Benz,CLK-Class,2008,Indigo
142,Oldsmobile,Silhouette,1999,Pink
143,Audi,90,1990,Aquamarine
144,Chevrolet,Suburban 1500,2000,Fuscia
145,Ford,F150,1994,Teal
146,Toyota,Tacoma Xtra,2004,Crimson
147,Cadillac,Escalade ESV,2007,Puce
148,Pontiac,Bonneville,1964,Violet
149,GMC,Yukon XL 2500,2009,Aquamarine
150,Mitsubishi,Montero Sport,2004,Blue
151,Ford,Mustang,1972,Turquoise
152,Toyota,Paseo,1993,Yellow
153,Dodge,Ram 2500,2003,Yellow
154,Mitsubishi,Lancer,2011,Indigo
155,Volkswagen,Golf,1991,Purple
156,Chevrolet,Cobalt,2010,Red
157,Mercury,Cougar,1988,Mauv
158,Mitsubishi,RVR,1993,Orange
159,GMC,Savana,2010,Khaki
160,Honda,del Sol,1997,Pink
161,Audi,Q5,2010,Pink
162,Ram,C/V,2012,Green
163,Lamborghini,Countach,1989,Violet
164,Chevrolet,Monte Carlo,1997,Crimson
165,Nissan,Pathfinder,2004,Goldenrod
166,Jeep,Liberty,2004,Puce
167,Audi,riolet,1998,Fuscia
168,Mitsubishi,Galant,2006,Blue
169,Aston Martin,V8 Vantage,2007,Mauv
170,GMC,Acadia,2008,Goldenrod
171,BMW,330,2005,Blue
172,Ford,Five Hundred,2005,Indigo
173,Volvo,S80,2011,Aquamarine
174,Toyota,Highlander,2012,Indigo
175,Ford,F250,1994,Violet
176,Ford,Crown Victoria,2004,Crimson
177,Volkswagen,Eurovan,2001,Yellow
178,Chrysler,Crossfire,2007,Crimson
179,Mitsubishi,Montero Sport,2001,Orange
180,Honda,Accord,1987,Teal
181,Pontiac,Grand Prix,1982,Orange
182,Dodge,Dakota Club,1996,Violet
183,BMW,M6,2010,Puce
184,Ford,Explorer Sport Trac,2009,Crimson
185,Mitsubishi,Lancer,2002,Yellow
186,Lexus,LX,2013,Goldenrod
187,Ford,LTD,1984,Crimson
188,Dodge,Grand Caravan,2002,Orange
189,Cadillac,Seville,1996,Orange
190,Saturn,Relay,2007,Green
191,Pontiac,Sunfire,2000,Turquoise
192,Audi,RS 4,2007,Purple
193,Buick,Skyhawk,1984,Violet
194,Subaru,Outback,2004,Maroon
195,Chevrolet,TrailBlazer,2006,Violet
196,Toyota,FJ Cruiser,2009,Puce
197,Hyundai,Azera,2010,Purple
198,Mercedes-Benz,GL-Class,2007,Purple
199,Bentley,Continental GT,2006,Puce
200,Chevrolet,Corvette,1962,Orange
201,Lexus,RX Hybrid,2008,Orange
202,Saab,9-2X,2005,Green
203,Cadillac,Catera,1998,Yellow
204,Lexus,LS Hybrid,2012,Orange
205,Buick,Rainier,2004,Aquamarine
206,Chevrolet,Lumina,2000,Pink
207,Suzuki,Swift,2000,Purple
208,Toyota,Avalon,2006,Crimson
209,Lexus,GX,2011,Goldenrod
210,Suzuki,SJ,1991,Green
211,Kia,Carens,2009,Green
212,Toyota,Solara,2000,Khaki
213,Dodge,Durango,2007,Teal
214,Lexus,IS F,2010,Green
215,Isuzu,Rodeo Sport,2002,Blue
216,Ford,Mustang,1993,Violet
217,Audi,A6,2011,Yellow
218,Volvo,S60,2010,Pink
219,Buick,Park Avenue,1998,Crimson
220,Acura,TL,2005,Turquoise
221,Porsche,Panamera,2010,Orange
222,BMW,X3,2012,Fuscia
223,Saab,9-3,2004,Green
224,Subaru,Forester,2003,Maroon
225,Pontiac,Grand Prix,2002,Goldenrod
226,Mitsubishi,Chariot,1987,Mauv
227,Suzuki,SJ,1994,Pink
228,Volvo,V40,2001,Indigo
229,Toyota,Land Cruiser,2009,Fuscia
230,Mitsubishi,GTO,1990,Pink
231,Pontiac,6000,1985,Red
232,Honda,FCX Clarity,2012,Green
233,Buick,Electra,1985,Pink
234,Lexus,IS-F,2011,Yellow
235,GMC,Yukon XL 2500,2002,Orange
236,Lamborghini,Diablo,1993,Violet
237,Oldsmobile,Bravada,2002,Red
238,Volvo,XC90,2008,Crimson
239,Chevrolet,Cavalier,2000,Teal
240,Ford,F350,2008,Khaki
241,Oldsmobile,Silhouette,2001,Goldenrod
242,Volkswagen,Touareg,2004,Khaki
243,Mercury,Sable,2002,Puce
244,Jaguar,XJ,2006,Green
245,Mercedes-Benz,SLS-Class,2011,Green
246,Hummer,H2,2007,Goldenrod
247,Audi,200,1991,Blue
248,Lincoln,Navigator L,2010,Orange
249,Chevrolet,Suburban 1500,1999,Blue
250,GMC,Yukon Denali,2006,Goldenrod
251,Toyota,Tundra,2003,Fuscia
252,Plymouth,Acclaim,1994,Orange
253,Ford,E350,2010,Crimson
254,Nissan,Frontier,2002,Crimson
255,Kia,Sephia,1997,Goldenrod
256,Lincoln,Navigator,2007,Aquamarine
257,Ford,Fiesta,2011,Fuscia
258,MG,MGB,1977,Maroon
259,Nissan,Xterra,2009,Crimson
260,Nissan,Quest,2012,Blue
261,Ford,Explorer,2005,Khaki
262,Toyota,Highlander Hybrid,2007,Purple
263,Cadillac,Seville,2004,Puce
264,Audi,Allroad,2003,Fuscia
265,Toyota,MR2,2004,Turquoise
266,Dodge,Stratus,2005,Puce
267,Chrysler,Town & Country,1999,Violet
268,Mazda,B-Series,1993,Purple
269,Toyota,TundraMax,2011,Blue
270,Volvo,V50,2008,Green
271,Land Rover,Discovery Series II,2001,Pink
272,Chevrolet,Silverado 2500,2010,Mauv
273,Ford,F150,2006,Blue
274,Subaru,Alcyone SVX,1995,Puce
275,Ford,Thunderbird,1977,Pink
276,Chevrolet,Tahoe,2002,Pink
277,Infiniti,QX,2002,Red
278,Cadillac,CTS,2006,Khaki
279,Maybach,62,2006,Orange
280,Mazda,Mazda5,2008,Violet
281,Plymouth,Voyager,1992,Goldenrod
282,Acura,Integra,1996,Pink
283,Ford,F-Series Super Duty,2010,Red
284,Mazda,CX-7,2011,Yellow
285,Lincoln,Navigator,2007,Red
286,Daewoo,Lanos,1999,Green
287,Mercedes-Benz,GL-Class,2012,Blue
288,Acura,NSX,1996,Green
289,Audi,100,1994,Indigo
290,Kia,Optima,2010,Puce
291,Ford,Taurus,1999,Goldenrod
292,Mazda,Miata MX-5,2011,Crimson
293,Maybach,Landaulet,2009,Red
294,Audi,TT,2010,Fuscia
295,Subaru,Legacy,2002,Crimson
296,Mercedes-Benz,W201,1990,Crimson
297,Buick,Roadmaster,1996,Khaki
298,Oldsmobile,Bravada,1999,Turquoise
299,Infiniti,QX,2010,Teal
300,Ford,Thunderbird,1988,Crimson
301,Lexus,LS Hybrid,2011,Crimson
302,Infiniti,FX,2004,Maroon
303,Oldsmobile,Alero,2003,Aquamarine
304,Mazda,Miata MX-5,2012,Turquoise
305,Ford,Mustang,1984,Green
306,Mercedes-Benz,SLK55 AMG,2009,Mauv
307,Acura,NSX,2005,Yellow
308,Volkswagen,Fox,1989,Fuscia
309,Jeep,Cherokee,1995,Violet
310,Subaru,Justy,1987,Green
311,Kia,Carens,2007,Teal
312,Geo,Prizm,1992,Green
313,GMC,Yukon XL 2500,2010,Purple
314,Hummer,H1,1999,Aquamarine
315,Pontiac,Grand Prix,1963,Pink
316,Chevrolet,Monte Carlo,2004,Goldenrod
317,Chevrolet,Blazer,1996,Yellow
318,Ford,F350,2002,Pink
319,Mercedes-Benz,W201,1988,Pink
320,Infiniti,EX,2009,Teal
321,Chevrolet,2500,1993,Turquoise
322,BMW,545,2005,Green
323,Saab,900,1991,Turquoise
324,Kia,Spectra5,2006,Turquoise
325,Bentley,Azure,2010,Indigo
326,Chrysler,LHS,2000,Mauv
327,Ford,Edge,2012,Khaki
328,Cadillac,Escalade,1999,Violet
329,Volkswagen,Touareg,2012,Yellow
330,Dodge,Ram 3500,2006,Violet
331,Mitsubishi,Galant,2012,Turquoise
332,GMC,Vandura 3500,1993,Yellow
333,Pontiac,Sunbird,1988,Goldenrod
334,Ford,F-Series,2003,Mauv
335,Mazda,Mazda2,2011,Indigo
336,Chevrolet,G-Series G10,1992,Blue
337,Honda,CR-V,2002,Aquamarine
338,Dodge,Viper,1993,Violet
339,Pontiac,Bonneville,1991,Teal
340,Volvo,XC70,2011,Mauv
341,Dodge,Ram 2500,2009,Indigo
342,Mercedes-Benz,SL-Class,2005,Fuscia
343,Oldsmobile,Bravada,1996,Puce
344,Honda,Civic,1997,Fuscia
345,Hummer,H1,1994,Violet
346,Ford,Mustang,2002,Mauv
347,Jeep,Wrangler,2005,Aquamarine
348,Pontiac,Grand Prix,1977,Goldenrod
349,GMC,Sierra 2500,2004,Violet
350,Mercedes-Benz,R-Class,2008,Puce
351,Nissan,Sentra,1997,Pink
352,Nissan,Sentra,2001,Blue
353,Suzuki,Reno,2005,Maroon
354,Mazda,B-Series,1996,Khaki
355,Chevrolet,S10,1999,Fuscia
356,Aston Martin,V12 Vantage,2012,Puce
357,Toyota,Tundra,2006,Green
358,Ford,F250,1998,Blue
359,Nissan,Frontier,2008,Puce
360,Chrysler,Town & Country,2002,Purple
361,Audi,A4,2005,Khaki
362,Oldsmobile,Bravada,1996,Crimson
363,Lamborghini,Diablo,1997,Maroon
364,Acura,TL,1997,Turquoise
365,Lincoln,Mark VIII,1997,Yellow
366,Toyota,Prius,2007,Red
367,Aston Martin,Rapide,2010,Purple
368,Nissan,Sentra,2012,Indigo
369,Acura,Vigor,1994,Green
370,Chevrolet,Silverado,2008,Turquoise
371,Mercedes-Benz,300SD,1992,Goldenrod
372,Mitsubishi,Diamante,1993,Red
373,Volvo,240,1993,Orange
374,Honda,Pilot,2010,Purple
375,Hyundai,Sonata,2005,Puce
376,GMC,Sonoma,2002,Mauv
377,Scion,xB,2010,Orange
378,Bentley,Brooklands,2009,Puce
379,Mitsubishi,L300,1989,Goldenrod
380,Chevrolet,Suburban 2500,1999,Khaki
381,Mercedes-Benz,SL-Class,2002,Yellow
382,Saab,900,1993,Khaki
383,Pontiac,G6,2010,Green
384,Kia,Carens,2007,Green
385,Nissan,Pathfinder,1998,Khaki
386,Cadillac,STS,2011,Indigo
387,Toyota,Sienna,2008,Indigo
388,Volkswagen,Passat,2006,Red
389,GMC,Sierra 1500,2004,Violet
390,Chrysler,Prowler,2001,Pink
391,Isuzu,Impulse,1992,Turquoise
392,Isuzu,Rodeo,1992,Mauv
393,Lincoln,Navigator,2004,Crimson
394,Mitsubishi,Mirage,1997,Turquoise
395,GMC,2500 Club Coupe,1993,Blue
396,Chevrolet,Cavalier,2001,Blue
397,Pontiac,Firebird,2002,Aquamarine
398,Ford,Explorer,1998,Orange
399,Chrysler,200,2011,Blue
400,Mercedes-Benz,SLK-Class,1997,Crimson
401,Mazda,929,1995,Purple
402,Plymouth,Voyager,1985,Blue
403,Acura,Integra,1997,Violet
404,Volkswagen,Golf,1984,Fuscia
405,Saturn,VUE,2006,Pink
406,Honda,Prelude,1985,Violet
407,Mitsubishi,Outlander,2003,Indigo
408,Dodge,Ram 2500 Club,1999,Goldenrod
409,Audi,S6,2008,Indigo
410,GMC,Envoy XL,2002,Blue
411,Buick,Regal,2004,Fuscia
412,Mitsubishi,Endeavor,2010,Purple
413,Ford,EXP,1984,Maroon
414,Dodge,Caravan,1994,Goldenrod
415,Toyota,T100 Xtra,1998,Aquamarine
416,Lincoln,Zephyr,2006,Orange
417,Mercedes-Benz,M-Class,2000,Green
418,Audi,RS 6,2003,Crimson
419,Mazda,MPV,1989,Pink
420,Pontiac,6000,1988,Puce
421,Volvo,940,1993,Indigo
422,Chevrolet,Monte Carlo,2006,Orange
423,Mitsubishi,Diamante,1999,Fuscia
424,Toyota,Avalon,2000,Blue
425,Isuzu,Trooper,1993,Turquoise
426,Toyota,Corolla,2004,Violet
427,Ford,LTD Crown Victoria,1984,Fuscia
428,Honda,Civic,2011,Crimson
429,Dodge,Grand Caravan,2007,Fuscia
430,Oldsmobile,88,1998,Teal
431,Lexus,LS,2000,Orange
432,Audi,100,1993,Purple
433,Toyota,RAV4,2006,Goldenrod
434,Ford,F150,2003,Puce
435,Isuzu,Ascender,2003,Mauv
436,Ford,Crown Victoria,1995,Aquamarine
437,Ford,Ranger,1985,Maroon
438,Ford,Econoline E250,1998,Green
439,Chevrolet,Suburban 2500,2006,Maroon
440,Lexus,LX,2010,Teal
441,Mercury,Lynx,1985,Orange
442,Pontiac,Trans Sport,1990,Indigo
443,Lincoln,Continental,1985,Mauv
444,Chevrolet,Silverado 3500,2012,Khaki
445,Cadillac,Escalade EXT,2008,Indigo
446,Hyundai,Accent,1996,Red
447,Porsche,911,2011,Crimson
448,Subaru,Legacy,2001,Aquamarine
449,Chevrolet,Tracker,1999,Green
450,Honda,Civic,1995,Crimson
451,Ford,Explorer,1997,Yellow
452,Pontiac,Gemini,1987,Maroon
453,Chevrolet,Corvette,1986,Yellow
454,Isuzu,Amigo,1993,Purple
455,Mazda,323,1995,Turquoise
456,Lincoln,Blackwood,2002,Crimson
457,Porsche,Boxster,2006,Red
458,Mazda,RX-7,1991,Purple
459,Dodge,Ram Van B150,1993,Teal
460,Infiniti,I,2000,Red
461,Hyundai,Sonata,2005,Pink
462,Toyota,Land Cruiser,2013,Blue
463,Ford,Taurus,1993,Puce
464,Plymouth,Voyager,1999,Fuscia
465,Ford,Thunderbird,1995,Mauv
466,Ford,Thunderbird,1987,Red
467,Honda,Odyssey,2004,Crimson
468,Buick,LeSabre,2004,Crimson
469,Dodge,Avenger,2012,Teal
470,Audi,90,1994,Purple
471,Chevrolet,Suburban 1500,1992,Purple
472,Chevrolet,Express 3500,2003,Crimson
473,Volkswagen,rio,1995,Violet
474,Nissan,Leaf,2012,Green
475,Porsche,Carrera GT,2005,Turquoise
476,Kia,Spectra,2003,Goldenrod
477,Audi,A4,1999,Aquamarine
478,Toyota,Tacoma,2009,Goldenrod
479,Ford,Ranger,2006,Fuscia
480,Pontiac,Bonneville,2001,Yellow
481,GMC,Envoy,1999,Purple
482,Oldsmobile,Intrigue,1998,Maroon
483,Lexus,LS,1991,Pink
484,GMC,Sonoma,1993,Crimson
485,Pontiac,Sunfire,2001,Pink
486,Chrysler,Concorde,2001,Puce
487,Ford,E150,2004,Aquamarine
488,Mercury,Cougar,1988,Orange
489,Suzuki,Forenza,2007,Maroon
490,Ford,Bronco II,1990,Aquamarine
491,Audi,A8,2006,Turquoise
492,Dodge,Caravan,2008,Aquamarine
493,Mercedes-Benz,E-Class,2003,Puce
494,Isuzu,Amigo,1994,Goldenrod
495,Saab,900,1999,Maroon
496,Toyota,Solara,2004,Maroon
497,Mercedes-Benz,C-Class,1997,Turquoise
498,Suzuki,XL-7,2007,Violet
499,Toyota,Camry,1994,Yellow
500,Saab,9-5,2008,Crimson
501,Mitsubishi,GTO,1997,Aquamarine
502,Hyundai,Elantra,2000,Maroon
503,Mitsubishi,Diamante,2000,Khaki
504,Toyota,RAV4,2010,Teal
505,Ford,F250,2007,Goldenrod
506,Subaru,Alcyone SVX,1994,Violet
507,Oldsmobile,Silhouette,1993,Aquamarine
508,Toyota,Matrix,2008,Aquamarine
509,Chevrolet,Suburban 1500,1993,Crimson
510,Chevrolet,Caprice Classic,1993,Mauv
511,Chevrolet,Monte Carlo,2006,Mauv
512,Mazda,MX-5,2006,Mauv
513,Ford,Ranger,1999,Pink
514,Honda,Civic Si,2005,Blue
515,Mitsubishi,Truck,1989,Mauv
516,Hyundai,Tiburon,2009,Yellow
517,Volkswagen,GTI,1990,Mauv
518,Pontiac,Grand Prix,2003,Goldenrod
519,Suzuki,Grand Vitara,1999,Goldenrod
520,Audi,S5,2011,Crimson
521,Ford,F-350 Super Duty,2006,Pink
522,Pontiac,Sunbird,1983,Fuscia
523,Kia,Optima,2008,Fuscia
524,Suzuki,Equator,2009,Red
525,Chrysler,New Yorker,1995,Indigo
526,Chevrolet,Silverado 2500,2003,Goldenrod
527,Land Rover,LR2,2009,Goldenrod
528,Acura,RL,2006,Aquamarine
529,MINI,Cooper,2008,Teal
530,Nissan,Armada,2006,Aquamarine
531,Ford,Freestyle,2005,Pink
532,Porsche,911,2002,Red
533,Isuzu,Rodeo,1998,Red
534,GMC,Yukon,2011,Orange
535,Subaru,Forester,2008,Yellow
536,Acura,TL,1997,Mauv
537,GMC,Sierra Hybrid,2006,Yellow
538,Mercury,Mystique,1997,Violet
539,Ford,Expedition,1998,Crimson
540,Buick,Coachbuilder,1993,Goldenrod
541,Ford,Thunderbird,1992,Orange
542,Jeep,Patriot,2012,Purple
543,Mazda,626,1992,Blue
544,Mazda,626,1986,Violet
545,Pontiac,Firefly,1988,Puce
546,Porsche,Boxster,2007,Turquoise
547,Nissan,240SX,1997,Crimson
548,BMW,6 Series,2010,Purple
549,Suzuki,Swift,2004,Violet
550,Land Rover,Freelander,2002,Indigo
551,Suzuki,SJ,1994,Green
552,Pontiac,Grand Am,1987,Khaki
553,Chevrolet,Tracker,1999,Mauv
554,Buick,Coachbuilder,1993,Purple
555,Dodge,Ram 3500,2002,Puce
556,Volkswagen,Jetta,2011,Maroon
557,Ford,Excursion,2004,Pink
558,GMC,Acadia,2011,Yellow
559,Honda,Prelude,1998,Purple
560,Land Rover,Range Rover,2001,Blue
561,Suzuki,Esteem,1995,Puce
562,Mitsubishi,Galant,2012,Teal
563,Toyota,Sequoia,2009,Red
564,Lamborghini,Murciélago,2007,Aquamarine
565,Honda,Element,2003,Maroon
566,Mercury,Cougar,2000,Mauv
567,Cadillac,Fleetwood,1995,Red
568,GMC,Savana 3500,2006,Khaki
569,Kia,Sportage,1997,Mauv
570,Aston Martin,DBS,2011,Green
571,Volvo,XC70,2007,Pink
572,Volvo,S80,2005,Pink
573,Cadillac,STS-V,2006,Maroon
574,Toyota,Land Cruiser,2007,Aquamarine
575,Toyota,Celica,1993,Mauv
576,Mitsubishi,Mirage,1988,Fuscia
577,Volkswagen,rio,1998,Khaki
578,Lincoln,MKT,2012,Puce
579,Honda,S2000,2006,Maroon
580,Jeep,Grand Cherokee,2000,Fuscia
581,Rolls-Royce,Ghost,2011,Khaki
582,Mercedes-Benz,SLR McLaren,2008,Mauv
583,Mercedes-Benz,300D,1993,Goldenrod
584,Subaru,Impreza,2002,Red
585,Nissan,Altima,2008,Fuscia
586,Mitsubishi,Mighty Max Macro,1993,Turquoise
587,Dodge,Ram 3500,2002,Mauv
588,Lamborghini,Murciélago,2004,Crimson
589,Ford,F-Series,1988,Red
590,Honda,Civic,1991,Blue
591,Ram,3500,2012,Mauv
592,Mitsubishi,Expo,1994,Red
593,Chevrolet,1500,1995,Goldenrod
594,Ford,F150,1998,Indigo
595,Chevrolet,G-Series G20,1995,Crimson
596,Ford,Ranger,2007,Mauv
597,Honda,Element,2010,Blue
598,Toyota,Sequoia,2004,Khaki
599,Saab,9-3,2000,Khaki
600,Pontiac,Torrent,2006,Khaki
601,Chevrolet,Corsica,1994,Puce
602,Jaguar,S-Type,2008,Blue
603,Toyota,Highlander Hybrid,2007,Crimson
604,Bentley,Azure,2010,Yellow
605,Nissan,Maxima,1990,Fuscia
606,GMC,Suburban 1500,1995,Fuscia
607,Chrysler,Town & Country,1992,Violet
608,Chevrolet,Prizm,1998,Yellow
609,Mercury,Milan,2011,Aquamarine
610,Infiniti,FX,2012,Khaki
611,Mercedes-Benz,300D,1992,Yellow
612,Ford,Laser,1988,Mauv
613,Chevrolet,Suburban 2500,2011,Violet
614,BMW,3 Series,1992,Teal
615,Volkswagen,Scirocco,1985,Pink
616,Suzuki,XL7,2006,Khaki
617,Isuzu,Ascender,2007,Puce
618,Kia,Sorento,2005,Purple
619,Audi,A6,2003,Green
620,Nissan,Maxima,2010,Purple
621,Volkswagen,rio,2001,Teal
622,Dodge,Stealth,1994,Crimson
623,GMC,Suburban 1500,1994,Indigo
624,Pontiac,LeMans,1992,Aquamarine
625,Honda,Civic,1989,Indigo
626,Mazda,MX-5,2012,Turquoise
627,Toyota,4Runner,1993,Crimson
628,Toyota,Corolla,2004,Goldenrod
629,Mercedes-Benz,M-Class,1999,Aquamarine
630,Chevrolet,Suburban 2500,1999,Fuscia
631,Honda,Civic,1995,Mauv
632,BMW,Z4,2010,Maroon
633,Volkswagen,Eurovan,1994,Green
634,Ford,Explorer,1993,Fuscia
635,Pontiac,G3,2009,Violet
636,Dodge,Ram 3500,2007,Goldenrod
637,Mercury,Grand Marquis,2008,Puce
638,Ford,Mustang,1971,Violet
639,Mitsubishi,Eclipse,1993,Khaki
640,Mercury,Grand Marquis,2003,Indigo
641,Volvo,960,1993,Mauv
642,Honda,Passport,2000,Pink
643,Jeep,Commander,2008,Yellow
644,GMC,Savana 3500,2007,Green
645,Mazda,RX-7,1984,Maroon
646,Buick,LeSabre,1985,Blue
647,Ford,Torino,1970,Puce
648,Chevrolet,Astro,1997,Violet
649,Ford,Windstar,1995,Khaki
650,Pontiac,Trans Sport,1997,Turquoise
651,Mercedes-Benz,S-Class,2011,Goldenrod
652,GMC,Rally Wagon 3500,1994,Pink
653,Ford,Mustang,2000,Khaki
654,Chevrolet,Tahoe,1998,Turquoise
655,GMC,EV1,1999,Mauv
656,BMW,M Roadster,2008,Puce
657,Mercedes-Benz,SLK-Class,2009,Purple
658,Mitsubishi,Galant,2002,Red
659,Chevrolet,Express 1500,2007,Yellow
660,Ford,F150,1998,Indigo
661,BMW,M3,2003,Indigo
662,Kia,Amanti,2008,Yellow
663,Audi,riolet,1995,Goldenrod
664,Lotus,Esprit,2003,Violet
665,Plymouth,Sundance,1994,Indigo
666,Toyota,Land Cruiser,2001,Green
667,Chevrolet,Impala,2005,Puce
668,Mazda,RX-8,2011,Purple
669,Chevrolet,Corvette,2010,Indigo
670,Toyota,Solara,2000,Green
671,Volvo,S80,2011,Blue
672,Mazda,B2600,1987,Indigo
673,Mazda,MX-3,1996,Aquamarine
674,GMC,Savana 3500,2000,Indigo
675,Buick,Regal,1989,Aquamarine
676,Pontiac,Grand Am,1992,Crimson
677,Ford,Excursion,2000,Khaki
678,Subaru,Forester,2010,Turquoise
679,Infiniti,G,2008,Teal
680,Ford,Thunderbird,1987,Fuscia
681,Dodge,Stealth,1996,Purple
682,GMC,Sonoma Club,1992,Khaki
683,Toyota,Sienna,1998,Puce
684,Oldsmobile,Silhouette,2003,Goldenrod
685,Hyundai,Sonata,1994,Purple
686,BMW,6 Series,2008,Khaki
687,Ford,Crown Victoria,2005,Fuscia
688,Bentley,Continental Flying Spur,2006,Violet
689,Subaru,Outback,2007,Indigo
690,GMC,Savana 2500,2008,Indigo
691,Honda,CR-V,1997,Orange
692,Buick,LeSabre,2005,Blue
693,Cadillac,Catera,1999,Indigo
694,Mitsubishi,Chariot,1989,Teal
695,Daewoo,Leganza,2001,Blue
696,Ram,1500,2011,Red
697,Mazda,Protege,1998,Pink
698,GMC,Envoy,1998,Khaki
699,Suzuki,XL-7,2003,Fuscia
700,Jeep,Grand Cherokee,1998,Turquoise
701,Acura,Legend,1994,Fuscia
702,GMC,3500,1997,Mauv
703,Volkswagen,riolet,1992,Yellow
704,Mitsubishi,Lancer Evolution,2006,Maroon
705,Dodge,Grand Caravan,1995,Violet
706,Chevrolet,Impala,2006,Aquamarine
707,Aston Martin,V8 Vantage,2006,Mauv
708,Mercedes-Benz,G-Class,2011,Pink
709,Ford,F350,2001,Red
710,Ford,Econoline E250,2001,Violet
711,Toyota,4Runner,2000,Purple
712,Dodge,Ram Van 3500,2003,Indigo
713,Ford,Bronco,1987,Yellow
714,Maybach,57,2012,Teal
715,Honda,Odyssey,1996,Fuscia
716,Chevrolet,Cavalier,2000,Violet
717,Chevrolet,Venture,2002,Puce
718,GMC,Suburban 1500,1995,Teal
719,Chevrolet,Equinox,2012,Teal
720,Honda,Element,2007,Indigo
721,Mazda,RX-8,2011,Crimson
722,Mitsubishi,Precis,1994,Purple
723,Oldsmobile,Aurora,1999,Yellow
724,GMC,1500,1996,Goldenrod
725,Chevrolet,Cavalier,2000,Turquoise
726,Porsche,Cayman,2006,Goldenrod
727,Subaru,Tribeca,2007,Crimson
728,Mercury,Milan,2010,Green
729,Mazda,929,1992,Maroon
730,Cadillac,DeVille,2002,Teal
731,Geo,Prizm,1992,Orange
732,Nissan,Rogue,2012,Fuscia
733,Infiniti,Q,1996,Khaki
734,Chevrolet,Silverado 2500,2006,Maroon
735,Mercury,Villager,1994,Blue
736,Ford,Ranger,1985,Maroon
737,Hyundai,Accent,1995,Goldenrod
738,Volvo,S90,1997,Violet
739,Lincoln,Town Car,2006,Purple
740,Chevrolet,Tracker,2000,Blue
741,Isuzu,Ascender,2005,Fuscia
742,Mercedes-Benz,G-Class,2009,Red
743,Honda,Odyssey,2012,Yellow
744,Cadillac,Seville,1996,Crimson
745,Isuzu,Amigo,1994,Teal
746,Cadillac,Escalade EXT,2012,Puce
747,Lincoln,Town Car,1991,Mauv
748,Chevrolet,Aveo,2005,Yellow
749,Mercedes-Benz,SL-Class,2005,Orange
750,Ford,F-Series Super Duty,2008,Pink
751,Audi,A6,2005,Red
752,Mitsubishi,Montero Sport,2004,Aquamarine
753,Saturn,Sky,2007,Purple
754,BMW,M3,2006,Khaki
755,Mazda,B-Series,1996,Pink
756,Toyota,4Runner,2012,Teal
757,Volkswagen,R32,2004,Orange
758,Jaguar,XF,2010,Orange
759,Volkswagen,Eurovan,2001,Yellow
760,Ford,Expedition EL,2007,Aquamarine
761,Eagle,Summit,1995,Pink
762,Toyota,4Runner,2012,Red
763,Chevrolet,Lumina,1998,Mauv
764,Mitsubishi,Montero,2006,Maroon
765,Ford,Bronco,1995,Blue
766,Hummer,H1,2002,Yellow
767,Suzuki,Swift,1992,Indigo
768,Jaguar,XJ,2012,Khaki
769,Maybach,62,2009,Fuscia
770,Mercedes-Benz,E-Class,1995,Fuscia
771,Plymouth,Colt,1994,Yellow
772,Ford,Tempo,1990,Mauv
773,Audi,A4,2012,Pink
774,Mazda,B-Series,1999,Maroon
775,Cadillac,Eldorado,2002,Fuscia
776,Cadillac,SRX,2010,Crimson
777,Mazda,Mazda6,2011,Puce
778,Lincoln,Town Car,1992,Violet
779,Mercedes-Benz,W201,1992,Pink
780,Volkswagen,GTI,1998,Aquamarine
781,Bentley,Azure,2010,Mauv
782,Audi,S5,2009,Pink
783,Chevrolet,Tahoe,2004,Puce
784,Mercedes-Benz,SLK-Class,2010,Purple
785,Lotus,Exige,2010,Khaki
786,Pontiac,6000,1991,Yellow
787,Cadillac,XLR-V,2006,Puce
788,Mercedes-Benz,S-Class,1997,Orange
789,Nissan,350Z,2009,Puce
790,Audi,TT,2008,Maroon
791,Toyota,Highlander,2007,Blue
792,Plymouth,Voyager,1998,Mauv
793,Suzuki,Grand Vitara,2010,Green
794,Ford,Crown Victoria,2007,Maroon
795,Honda,Odyssey,2005,Yellow
796,Dodge,Viper,2010,Aquamarine
797,Cadillac,Eldorado,1993,Puce
798,Toyota,Tercel,1998,Purple
799,Isuzu,Amigo,1993,Teal
800,Dodge,Durango,2000,Turquoise
801,Buick,Regal,1987,Violet
802,Ford,E250,2006,Indigo
803,Mazda,CX-9,2012,Purple
804,Jeep,Liberty,2012,Purple
805,Volkswagen,Jetta,2011,Red
806,Volkswagen,Jetta,1985,Puce
807,Toyota,Land Cruiser,2001,Turquoise
808,Nissan,Maxima,2000,Aquamarine
809,Chevrolet,G-Series 2500,1996,Blue
810,Chevrolet,Astro,2000,Puce
811,Saab,9000,1993,Puce
812,BMW,5 Series,2005,Goldenrod
813,Saturn,Astra,2009,Orange
814,Chrysler,Voyager,2001,Pink
815,Chevrolet,HHR,2006,Orange
816,Subaru,Impreza,1998,Mauv
817,Mitsubishi,Lancer,2009,Teal
818,GMC,Sierra 1500,2009,Puce
819,Mercury,Mountaineer,2006,Goldenrod
820,Hyundai,Santa Fe,2004,Mauv
821,Acura,RDX,2007,Turquoise
822,Pontiac,Torrent,2009,Khaki
823,Ford,Contour,1996,Puce
824,Chevrolet,Beretta,1995,Yellow
825,Mazda,MPV,2002,Purple
826,Mazda,RX-7,1985,Orange
827,GMC,Savana 1500,2011,Green
828,Oldsmobile,Cutlass Supreme,1993,Pink
829,Mercury,Monterey,2005,Yellow
830,Audi,A4,2000,Red
831,Dodge,Dakota Club,2007,Goldenrod
832,Cadillac,Escalade EXT,2004,Aquamarine
833,Toyota,Land Cruiser,2004,Yellow
834,Mercury,Milan,2011,Aquamarine
835,Chevrolet,Avalanche,2008,Indigo
836,Volkswagen,Cabriolet,1998,Crimson
837,Ford,E350,2004,Maroon
838,Cadillac,CTS,2003,Green
839,Mazda,Miata MX-5,2010,Purple
840,MG,MGB,1977,Yellow
841,GMC,Sierra 2500,2001,Green
842,Pontiac,Tempest,1966,Maroon
843,Nissan,Armada,2007,Purple
844,Toyota,Solara,1999,Aquamarine
845,Toyota,Yaris,2008,Yellow
846,Mazda,626,1995,Indigo
847,BMW,Z4,2011,Khaki
848,Ford,Thunderbird,1988,Purple
849,BMW,3 Series,1993,Mauv
850,Land Rover,Range Rover,1992,Turquoise
851,Lexus,RX,2001,Fuscia
852,Ford,Taurus,1993,Fuscia
853,Suzuki,Forenza,2006,Fuscia
854,MINI,Countryman,2011,Turquoise
855,GMC,Savana 1500,1997,Red
856,GMC,Vandura 2500,1993,Indigo
857,Mitsubishi,Diamante,1999,Fuscia
858,GMC,Yukon,1996,Indigo
859,Ford,Courier,1986,Purple
860,Mercury,Grand Marquis,2007,Maroon
861,Subaru,Impreza,2009,Blue
862,Ford,F350,2005,Yellow
863,Mazda,B-Series Plus,1995,Orange
864,Lexus,ES,2005,Teal
865,Chrysler,300,2010,Blue
866,Chevrolet,Express,2008,Crimson
867,Toyota,Corolla,2000,Puce
868,Lincoln,Aviator,2005,Indigo
869,Pontiac,Solstice,2006,Puce
870,Toyota,Solara,2000,Crimson
871,Buick,Century,1988,Purple
872,Jaguar,XJ Series,2002,Teal
873,Jeep,Grand Cherokee,1995,Puce
874,Mercedes-Benz,S-Class,2012,Blue
875,Honda,Prelude,1984,Teal
876,Chevrolet,Camaro,1982,Orange
877,Ford,Ranger,1998,Red
878,Mercury,Grand Marquis,1992,Yellow
879,BMW,3 Series,2005,Puce
880,Volvo,S40,2007,Crimson
881,Dodge,Daytona,1992,Maroon
882,Mercedes-Benz,SLK-Class,2000,Yellow
883,Dodge,Viper,1998,Khaki
884,Ford,Mustang,1992,Yellow
885,Chevrolet,S10 Blazer,1993,Red
886,Volkswagen,Scirocco,1987,Aquamarine
887,Ford,Focus,2005,Green
888,Saturn,S-Series,1993,Red
889,Geo,Tracker,1994,Green
890,Porsche,Cayman,2007,Fuscia
891,BMW,M6,2006,Orange
892,Hyundai,Azera,2007,Puce
893,Toyota,Tundra,2012,Orange
894,Eagle,Talon,1991,Mauv
895,Dodge,Caravan,2010,Pink
896,Buick,Park Avenue,1992,Blue
897,Dodge,Viper,1995,Goldenrod
898,Ford,Thunderbird,1988,Pink
899,Jaguar,X-Type,2003,Red
900,Dodge,Dakota Club,2003,Crimson
901,Mercury,Cougar,1968,Red
902,Lexus,IS F,2010,Aquamarine
903,Plymouth,Breeze,2000,Indigo
904,Jaguar,XK Series,2003,Aquamarine
905,Mitsubishi,Montero Sport,2000,Orange
906,Lexus,GX,2005,Green
907,Pontiac,Solstice,2008,Turquoise
908,Saab,9000,1991,Maroon
909,Porsche,944,1984,Teal
910,Kia,Rio,2002,Blue
911,Kia,Spectra,2000,Aquamarine
912,Audi,A4,2006,Pink
913,Dodge,Grand Caravan,1998,Aquamarine
914,Kia,Forte,2012,Maroon
915,Geo,Storm,1993,Aquamarine
916,GMC,2500 Club Coupe,1994,Orange
917,BMW,7 Series,2012,Khaki
918,Scion,xB,2010,Puce
919,Chevrolet,Silverado 2500,2009,Yellow
920,Suzuki,SJ,1990,Pink
921,Lincoln,Continental,1989,Mauv
922,Honda,Civic,2004,Indigo
923,Pontiac,Bonneville,1987,Indigo
924,Mitsubishi,Truck,1985,Puce
925,Isuzu,Ascender,2006,Goldenrod
926,Audi,S4,2006,Mauv
927,Mercedes-Benz,SLS AMG,2011,Teal
928,Nissan,Armada,2009,Violet
929,Dodge,Ram Wagon B250,1992,Purple
930,Dodge,Grand Caravan,2011,Violet
931,Scion,xA,2004,Orange
932,Acura,NSX,1999,Violet
933,Ford,E-Series,2007,Crimson
934,BMW,3 Series,2012,Maroon
935,Mitsubishi,GTO,1992,Blue
936,Dodge,Magnum,2007,Fuscia
937,Nissan,Frontier,1998,Orange
938,Mazda,B2600,1987,Blue
939,Chrysler,Town & Country,1996,Green
940,Isuzu,Rodeo,2002,Orange
941,Subaru,Impreza,2004,Yellow
942,Ford,Econoline E150,1998,Yellow
943,Infiniti,I,2000,Blue
944,Mercury,Cougar,1968,Puce
945,BMW,X5,2002,Pink
946,Cadillac,Escalade ESV,2009,Fuscia
947,Nissan,Quest,1994,Maroon
948,Volkswagen,Jetta,2005,Mauv
949,Saturn,Outlook,2010,Teal
950,Chrysler,Grand Voyager,2000,Teal
951,Chevrolet,Express 3500,2008,Puce
952,Jeep,Compass,2009,Blue
953,Eagle,Summit,1994,Maroon
954,Jeep,Grand Cherokee,2010,Khaki
955,Mazda,MPV,1995,Violet
956,GMC,Sonoma,2002,Maroon
957,Ford,Mustang,1991,Teal
958,Mitsubishi,Expo,1992,Khaki
959,Acura,Legend,1992,Puce
960,GMC,2500,1993,Yellow
961,Audi,S4,2005,Red
962,Buick,Century,1984,Blue
963,Bentley,Continental GTC,2012,Teal
964,Toyota,RAV4,2000,Aquamarine
965,Toyota,Sienna,2003,Mauv
966,Mercury,Sable,1995,Purple
967,Volkswagen,Golf,2003,Goldenrod
968,Nissan,Altima,2012,Orange
969,MINI,Cooper Countryman,2012,Orange
970,Oldsmobile,Silhouette,2002,Aquamarine
971,Acura,TL,1996,Goldenrod
972,Acura,ZDX,2010,Mauv
973,Chevrolet,Uplander,2005,Khaki
974,Chrysler,300,2011,Green
975,Volkswagen,Jetta,1984,Mauv
976,Volkswagen,Touareg,2009,Maroon
977,Volkswagen,Touareg,2011,Green
978,GMC,Savana 3500,2004,Indigo
979,Lexus,LS,1993,Blue
980,Toyota,Prius,2005,Orange
981,Acura,TL,1997,Puce
982,Mitsubishi,Galant,1984,Maroon
983,BMW,3 Series,1995,Green
984,Chevrolet,Silverado 3500,2001,Crimson
985,Mercury,Sable,1996,Violet
986,Lexus,SC,2006,Khaki
987,Ford,Taurus,1995,Indigo
988,Ford,F350,1994,Green
989,Saturn,Astra,2008,Crimson
990,Volvo,XC70,2011,Yellow
991,Mitsubishi,Endeavor,2006,Maroon
992,Ford,Focus,2002,Mauv
993,Chrysler,PT Cruiser,2003,Blue
994,Ford,Expedition,2002,Maroon
995,GMC,Yukon,1992,Blue
996,Porsche,911,1990,Pink
997,Ford,F450,2011,Maroon
998,Pontiac,G6,2006,Turquoise
999,Cadillac,SRX,2012,Turquoise
1000,GMC,Yukon XL 2500,2006,Blue
